student_1,passwd@123
student_2,passwd@223
student_3,passwd@323
student_4,passwd@423
student_5,passwd@523
student_6,passwd@623
student_7,passwd@723
student_8,passwd@823
student_9,passwd@923
student_10,passwd@1023
student_11,passwd@1123
student_12,passwd@1223
student_13,passwd@1323
student_14,passwd@1423
student_15,passwd@1523
student_16,passwd@1623
student_17,passwd@1723
student_18,passwd@1823
student_19,passwd@1923
student_20,passwd@2023
student_21,passwd@2123
student_22,passwd@2223
student_23,passwd@2323
student_24,passwd@2423
student_25,passwd@2523
student_26,passwd@2623
student_27,passwd@2723
student_28,passwd@2823
student_29,passwd@2923
student_30,passwd@3023
student_31,passwd@3123
student_32,passwd@3223
student_33,passwd@3323
student_34,passwd@3423
student_35,passwd@3523
student_36,passwd@3623
student_37,passwd@3723
student_38,passwd@3823
student_39,passwd@3923
student_40,passwd@4023
student_41,passwd@4123
student_42,passwd@4223
student_43,passwd@4323
student_44,passwd@4423
student_45,passwd@4523
student_46,passwd@4623
student_47,passwd@4723
student_48,passwd@4823
student_49,passwd@4923
student_50,passwd@5023
